output lack a privacy policy,KartikChugh/CakeTime
output lack a privacy policy,stackery/alexa-reinvent-quiz/src
output lack a privacy policy,MJR113/ask-wheel-of-lunch-skill
output lack a privacy policy,sifahad-amzn/driving-directions
output lack a privacy policy,SmartPracticeschool/SPS-4191-Develop-Alexa-Skill-for-COVID-19-Recommendations/alexaskill
output lack a privacy policy,Makerdemy/Alexa-skills-in-24-hours/Section 2/2.6/first skill
output lack a privacy policy,t04glovern/cat-a-log-code/L04_S03
output lack a privacy policy,aishu-S/Alexa_course_contents/Learn Alexa the fun way/section 4/4.4
output lack a privacy policy,dabblelab/alexa-apl-for-audio-example
output lack a privacy policy,cjain12/beauty_store
output lack a privacy policy,AdminAlexaBledina/AlexaDocumentation/08
output lack a privacy policy,oddguan/highmark-alexa
output lack a privacy policy,joshua-bloom/alexa-skill-cake-time
output lack a privacy policy,aman199002/alexa_birthday_reminder
output lack a privacy policy,GRy82/VoiceAppRepo
output lack a privacy policy,peterluba/cake-walk-alexa/cake_walk
output lack a privacy policy,AlexaRevolution/book_samples_v1/Ch_18/CuriosidadesdelAjolote
output lack a privacy policy,santo-19/AlexaSkill/alexa
output lack a privacy policy,SmartPracticeschool/SPS-4170-Develop-Alexa-Skill-for-COVID-19-Recommendations/alexacovid
output lack a privacy policy,radroof22/hackmit-2021/alexa/amzn1.ask.skill.436cb596-0d9d-490c-a0a7-5e48a8a2ca15
output lack a privacy policy,wrongholt/Rainbow-Words
output lack a privacy policy,aishu827/Learn-Alexa-the-fun-way/Learn Alexa the fun way/section 1/1.5
output lack a privacy policy,germanviscuso/ASKVideoSeries/04
output lack a privacy policy,fgozalof/CursodeAlexa/04
output lack a privacy policy,cavewoman/chattanooga-techie-skill
output lack a privacy policy,JulyMaker/JulyAlexaSkill/miSkill
output lack a privacy policy,AlexaRevolution/book_samples_v1/Ch_17/CuriosidadesdelAjolote
output lack a privacy policy,fgozalof/CursodeAlexa/03
output lack a privacy policy,fgozalof/CursodeAlexa/05_intent_chaining
output lack a privacy policy,garrettmmoore/alexa-dice-game
output lack a privacy policy,germanviscuso/ASKVideoSeries/06
output lack a privacy policy,AlexaRevolution/book_samples_v1/Ch_13/CuriosidadesdelAjolote
output lack a privacy policy,dhirajj14/illinois-tech-graduate-course-work/ITMT-593/final-assignment
output lack a privacy policy,t04glovern/cat-a-log-code/L04_S05
output lack a privacy policy,Ehabdiab2000/ALEXA-Nurse-Skill-1
output lack a privacy policy,alexa-samples/skill-sample-nodejs-zero-to-hero/07
output lack a privacy policy,aflorithmic/alexa
output lack a privacy policy,SDC-Lab/AlexaNutrition
output lack a privacy policy,aishu827/Learn-Alexa-the-fun-way/Learn Alexa the fun way/section 1/1.3
output lack a privacy policy,Cheesetouched/Hireoo/Alexa Skill
output lack a privacy policy,kandelin16/ProducePalDev
output lack a privacy policy,iScreem/APL_Keyboard
output lack a privacy policy,DTS-STN/ServicePrototypeAlexaIntegration
output lack a privacy policy,bespoken-samples/GuessThePrice
output lack a privacy policy,rupaku/codebase/Project/alexa cake walk
output lack a privacy policy,nicktodd/BasicAlexaSkill
output lack a privacy policy,niteshbharti005101/XploVR/AWS Backend/VG11
output lack a privacy policy,karakarakaraff/alexa-skills/oregon-trail
output lack a privacy policy,germanviscuso/ASKVideoSeries/08
output lack a privacy policy,jeffblankenburg/TKOTriviaAlexa
output lack a privacy policy,feedm3/learning-alexa-skills-advanced-setup
output lack a privacy policy,limeman38/Alexa/awsFactSkill
output lack a privacy policy,CamiWilliams/LevelUpRiddles-Workshop/Step 1 - Add Advanced Voice Design
output lack a privacy policy,germanviscuso/ASKVideoSeries/09
output lack a privacy policy,AlexaGroover/AlexaProject/30_Store data in DynamoDB
output lack a privacy policy,alexa-samples/skill-sample-nodejs-zero-to-hero/04
output lack a privacy policy,Nickeem/AlexaVisitorSkill
output lack a privacy policy,singha53-zz/omics-bioanalytics-alexa-skill
output lack a privacy policy,xarques/skill-joyeux-anniversaire/5-AlexaAPI
output lack a privacy policy,AlexaGroover/AlexaProject/28_ConfirmIntent Directive
output lack a privacy policy,alexa-samples/skill-sample-nodejs-linked-profile
output lack a privacy policy,alexa-samples/skill-sample-nodejs-the-foodie
output lack a privacy policy,TheDreamSaver/alexa-workshop-convoke/API Caller
output lack a privacy policy,germanviscuso/ASKVideoSeries/05
output lack a privacy policy,TheDreamSaver/alexa-oreilly/cake time/03 - Add Persistence - Save to DB
output lack a privacy policy,t04glovern/cat-a-log-code/L04_S02
output lack a privacy policy,pallavi192k/HERE-FOR-YOU
output lack a privacy policy,juanmf/InnovationChallengeDealsAssistantAlexaSkill
output lack a privacy policy,venztech103/api-reminder
output lack a privacy policy,vijayanandpg6/Climb-Fall
output lack a privacy policy,SmartPracticeschool/SPS-4173-Develop-Alexa-Skill-for-COVID-19-Recommendations
output lack a privacy policy,fgozalof/CursodeAlexa/08
output lack a privacy policy,niteshbharti005101/XploVR/AWS Backend/VG13
output lack a privacy policy,Hasi57/zerohero3
output lack a privacy policy,cook-a-waffle/cake-walk-template
output lack a privacy policy,alexa-samples/skill-sample-nodejs-first-skill/i18n
output lack a privacy policy,jeffblankenburg/ScavengerHunt/.legacy
output lack a privacy policy,AlexaGroover/AlexaProject/27_ConfirmSlot Directive
output lack a privacy policy,t04glovern/cat-a-log-code/L04_S06
output lack a privacy policy,queirozsc/Alexa-Workshop
output lack a privacy policy,hoquesumya/Alexa-Covid-19-CBT-Assistance
output lack a privacy policy,sntrenter/FA2020GroupProject/React/app/src
output lack a privacy policy,ncleguizamon/open-cake-walk-test
output lack a privacy policy,aarjo/alexa-league-rank-finder
output lack a privacy policy,Ehabdiab2000/AEXA-Nurse-Skill-2
output lack a privacy policy,AndrewSenol/theStudyBarAlexa/theStudyBar
output lack a privacy policy,danielbarnes175/Zoro.com-Internship
output lack a privacy policy,alexa-samples/skill-sample-nodejs-zero-to-hero/08
output lack a privacy policy,AlexaGroover/AlexaProject/26_ElicitSlot Directive
output lack a privacy policy,niteshbharti005101/XploVR/AWS Backend/VG_1
output lack a privacy policy,annalenastrx/ClothingRecommendation/VSCodeDownload
output lack a privacy policy,SmartPracticeschool/SPS-4168-Develop-Alexa-Skill-for-COVID-19-Recommendations/AMAZONSKill
output lack a privacy policy,felixreynoso/krello/amzn1.ask.skill.a5988adc-23db-448b-85d4-549f871c7ecc
output lack a privacy policy,fgozalof/CursodeAlexa/05
output lack a privacy policy,amzjctuan/Math-tutor
output lack a privacy policy,charliewynn/okc-trash-day
output lack a privacy policy,makyfj/AlexaSkillPython
output lack a privacy policy,aishu-S/Alexa_course_contents/Learn Alexa the fun way/section 1/1.3
output lack a privacy policy,alexa-samples/skill-sample-nodejs-first-skill/final
output lack a privacy policy,EchoSkillTemplates/Alexa-API-Starter
output lack a privacy policy,SebastienCoste/AlexaOblicStrategy
output lack a privacy policy,TheDreamSaver/alexa-workshop-convoke/Hello Slots
output lack a privacy policy,cook-a-waffle/zero-to-hero-tutorial
output lack a privacy policy,SmartPracticeschool/SPS-4181-Develop-Alexa-Skill-for-COVID-19-Recommendations
output lack a privacy policy,SmartPracticeschool/SPS-4165-Develop-Alexa-Skill-for-COVID-19-Recommendations/alexa
output lack a privacy policy,germanviscuso/ASKVideoSeries/05_intent_chaining
output lack a privacy policy,microsaurav/Alexa/client
output lack a privacy policy,inobtsp/crowdsoucing_project
output lack a privacy policy,inobtsp/crowdsoucing_platform
output lack a privacy policy,CamiWilliams/LevelUpRiddles-Workshop/Step 3 - Add APL
output lack a privacy policy,alexa-samples/skill-sample-nodejs-zero-to-hero/03
output lack a privacy policy,xarques/skill-joyeux-anniversaire/6-Reminder API
output lack a privacy policy,MEHEDl/AlexaAudioPlayer
output lack a privacy policy,Peter-Aloisi-PFG/Reinhart_FoodService
output lack a privacy policy,andijakl/VoiceLearning
output lack a privacy policy,fgozalof/CursodeAlexa/06
output lack a privacy policy,SwapnilShahGit/STEM-Party
output lack a privacy policy,Makerdemy/Advanced-Alexa/SECTION-2/Let_us_get_familiar
output lack a privacy policy,SmartPracticeschool/SPS-4104-Develop-Alexa-Skill-for-COVID-19-Recommendations
output lack a privacy policy,TheDreamSaver/alexa-oreilly/cake time/05 - Add Interceptors
output lack a privacy policy,AdminAlexaBledina/AlexaDocumentation/04
output lack a privacy policy,AndrewSenol/theStudyBarAlexa/testDB
output lack a privacy policy,annaanx24/TechKNOWledgy/TechKNOWledgy
output lack a privacy policy,devinjacobson/AlexaQuiz
output lack a privacy policy,niteshbharti005101/XploVR/AWS Backend/VG_3
output lack a privacy policy,rupaku/codebase/Project/alexa cake walk remember
output lack a privacy policy,ahitt6345/Kebabkat-Alexa/amzn1.ask.skill.aca43909-cf68-4e1a-bc9a-3e0a77eeb72e
output lack a privacy policy,xarques/skill-joyeux-anniversaire/3-ManageDialogs
output lack a privacy policy,willilai/william-lai-cake-time/william-lai-cake-time
output lack a privacy policy,niteshbharti005101/XploVR/AWS Backend/VG_4
output lack a privacy policy,CeesJol/my-cafe
output lack a privacy policy,fgozalof/CursodeAlexa/09
output lack a privacy policy,alexa-labs/skill-sample-nodejs-level-up-riddles/Step 2 - Add ISP
output lack a privacy policy,SmartPracticeschool/SPS-4169-Develop-Alexa-Skill-for-COVID-19-Recommendations/Alexa
output lack a privacy policy,Sethlimlee/AlexaCakeTimeSkill
output lack a privacy policy,ScottKwang/CodeWithFriends-Spring2020/projects
output lack a privacy policy,germanviscuso/ASKVideoSeries/07
output lack a privacy policy,AlexaRevolution/book_samples_v1/Ch_14/CuriosidadesdelAjolote
output lack a privacy policy,TheDreamSaver/alexa-workshop-convoke/Hello World
output lack a privacy policy,AdminAlexaBledina/AlexaDocumentation/09
output lack a privacy policy,mikdanjey/AlexaKyybaHappyBirthday
output lack a privacy policy,alexa-samples/skill-sample-nodejs-zero-to-hero/09
output lack a privacy policy,AdminAlexaBledina/AlexaDocumentation/07
output lack a privacy policy,niteshbharti005101/XploVR/AWS Backend/VG14
output lack a privacy policy,xarques/skill-joyeux-anniversaire/7-External APIs
output lack a privacy policy,germanviscuso/ASKVideoSeries/03
output lack a privacy policy,Makerdemy/Alexa-skills-in-24-hours/Section 7/7.12/Make my own type 2
output lack a privacy policy,robm26/travel-browser
output lack a privacy policy,niteshbharti005101/XploVR/AWS Backend/VG9
output lack a privacy policy,thiagofalves2/safra360
output lack a privacy policy,Makerdemy/Alexa-skills-in-24-hours/Section 4/4.3/Image quiz
output lack a privacy policy,RazaProdigy/Covid-19-Recommendation-System-Using-Alexa-Skills
output lack a privacy policy,kevinchen2023/SongMatch/KevinChenSongMatch
output lack a privacy policy,AdminAlexaBledina/AlexaDocumentation/05_intent_chaining
output lack a privacy policy,renatospaka/zero-2-hero
output lack a privacy policy,CamiWilliams/LevelUpRiddles-Workshop/Step 2 - Add ISP
output lack a privacy policy,TheDreamSaver/alexa-oreilly/cake time/02 - Add Birthday Logic
output lack a privacy policy,ArunSarva/Alexa-skill
output lack a privacy policy,oliver9321/memberCareAssistance
output lack a privacy policy,TheDreamSaver/alexa-workshop-convoke/DB Stuff
output lack a privacy policy,xarques/skill-joyeux-anniversaire/4-Persistence
output lack a privacy policy,niteshbharti005101/XploVR/AWS Backend/VG15
output lack a privacy policy,vpayette/skill-sample-node-device-location-api
output lack a privacy policy,dylan-nogueras/GatoEncerrado_TFG/Skill_Alexa_Gato_encerrado_ES_EN
output lack a privacy policy,Abhinav0909/Jokes/client/amzn1.ask.skill.97acfbba-a3d9-4eb5-a240-77f8f0030a40
output lack a privacy policy,perezthedev/skill-sample-nodejs-zero-to-hero/03
output lack a privacy policy,nationwidehackathon/analysis-paralysis/alexa-skill
output lack a privacy policy,Ioana-Nadia/BachelorDegree
output lack a privacy policy,raquelfishes/alexaSkill
output lack a privacy policy,SCCapstone/CognitoFormsDev/cognito_form
output lack a privacy policy,skl1m/ecopal/skill
output lack a privacy policy,TheDreamSaver/alexa-oreilly/cake time/06 - Add Dialog Management
output lack a privacy policy,aishu827/Learn-Alexa-the-fun-way/Learn Alexa the fun way/section 4/4.4
output lack a privacy policy,lucasagostini/NicaProject
output lack a privacy policy,AlexaGroover/AlexaProject/29_Obtain Device Information
output lack a privacy policy,niteshbharti005101/XploVR/AWS Backend/VG8
output lack a privacy policy,Makerdemy/Advanced-Alexa/SECTION-3/carry checker
output lack a privacy policy,Makerdemy/Advanced-Alexa/SECTION-1/without_entity_resolution
output lack a privacy policy,aishu-S/Alexa_course_contents/Learn Alexa the fun way/section 1/1.5
output lack a privacy policy,aishu827/Learn-Alexa-the-fun-way/Learn Alexa the fun way/section 1/1.4
output lack a privacy policy,AdminAlexaBledina/AlexaDocumentation/05
output lack a privacy policy,alexa-samples/skill-sample-nodejs-zero-to-hero/06
output lack a privacy policy,Dhruvj21/Alexa-Salon-Appointment-Skill
output lack a privacy policy,niteshbharti005101/XploVR/AWS Backend/VG_6
output lack a privacy policy,AlexaRevolution/book_samples_v1/Ch_11/CuriosidadesdelAjolote
output lack a privacy policy,ashusath/rememberName
output lack a privacy policy,ashwiniverma/NonProfitCompassion/interaction-service
output lack a privacy policy,AlexaGroover/AlexaProject/31_Account Linking
output lack a privacy policy,Makerdemy/Advanced-Alexa/SECTION-2/lets_get_familiar
output lack a privacy policy,sgiri/Alexa
output lack a privacy policy,fgozalof/CursodeAlexa/07
output lack a privacy policy,grosa1/alexa-unit-test
output lack a privacy policy,ilikerobots/estonia-one-hundred-alexa
output lack a privacy policy,junw10/noah.care
output lack a privacy policy,KaveeshaW/covidTracker/covid tracker
output lack a privacy policy,limeman38/games/Alexa/awsFactSkill
output lack a privacy policy,AlexaRevolution/book_samples_v1/Ch_15/CuriosidadesdelAjolote
output lack a privacy policy,t04glovern/cat-a-log-code/L04_S04
output lack a privacy policy,juliocrn94/Happybirthday_Alexa_Skill
output lack a privacy policy,jetannenbaum/Alexa/birthday
output lack a privacy policy,aishu-S/Alexa_course_contents/Learn Alexa the fun way/section 1/1.4
output lack a privacy policy,Makerdemy/Advanced-Alexa/SECTION-1/with_entity_resolution
output lack a privacy policy,bhargav41/Jokes-Skill/client/amzn1.ask.skill.3d9f7f16-f4f8-402a-93b3-6681abdccd63 (1)
output lack a privacy policy,ocelotconsulting/voice-framework-boilerplate
output lack a privacy policy,niteshbharti005101/XploVR/AWS Backend/VG10
output lack a privacy policy,annalenastrx/ClothingRecommendation/SkillDownload
output lack a privacy policy,niteshbharti005101/XploVR/AWS Backend/VG12
output lack a privacy policy,SuneetPatil/Alexa-Basic-Welcome
output lack a privacy policy,tienwei/smart-claims/alexa-skill/quiz-game
output lack a privacy policy,alexa-samples/skill-sample-nodejs-demo-store-amazon-pay
output lack a privacy policy,niteshbharti005101/XploVR/AWS Backend/VG_7
output lack a privacy policy,ehelbig1/cake_walk
output lack a privacy policy,niteshbharti005101/XploVR/AWS Backend/VG_2
output lack a privacy policy,AlexaRevolution/book_samples_v1/Ch_12/CuriosidadesdelAjolote
output lack a privacy policy,AdminAlexaBledina/AlexaDocumentation/03
output lack a privacy policy,t04glovern/cat-a-log-code/L04_S07
output lack a privacy policy,alexa-samples/skill-sample-nodejs-zero-to-hero/05_intent_chaining
output lack a privacy policy,tienwei/smart-claims/alexa-skill/foodie
output lack a privacy policy,joshua-bloom/cake-time-skill-william
output lack a privacy policy,hrbowers/alexa-accessibility
output lack a privacy policy,SmartPracticeschool/SPS-4171-Develop-Alexa-Skill-for-COVID-19-Recommendations/AMAZONSKill
output lack a privacy policy,niteshbharti005101/XploVR/AWS Backend/VG_5
output lack a privacy policy,SmartPracticeschool/SPS-4108-Develop-Alexa-Skill-for-COVID-19-Recommendations
output lack a privacy policy,devsoor/alexa/MusicSpot
output lack a privacy policy,alexa-labs/skill-sample-nodejs-level-up-riddles/Step 3 - Add APL
output lack a privacy policy,AlexaRevolution/book_samples_v1/Ch_16/CuriosidadesdelAjolote
output lack a privacy policy,gurbaaz19/Alexa-Salon-Appointment
output lack a privacy policy,AdminAlexaBledina/AlexaDocumentation/06
output lack a privacy policy,joshua-bloom/william-lai-cake-time
output lack a privacy policy,alexa-labs/skill-sample-nodejs-level-up-riddles/Step 1 - Add Advanced Voice Design
output lack a privacy policy,CORaleigh/alexa-cor-webhook
output lack a privacy policy,TheDreamSaver/alexa-oreilly/cake time/04 - Add Persistence - Read from DB
output lack a privacy policy,dylan-nogueras/GatoEncerrado_TFG/Skill_Alexa_Juego_inicial_ES_EN
output lack a privacy policy,fgarcialainez/Build-Engaging-Alexa-Skill-Tutorial
output lack a privacy policy,idiosyncrati/KA1901
output lack a privacy policy,alexa-samples/skill-sample-nodejs-zero-to-hero/05
output lack a privacy policy,Makerdemy/Alexa-skills-in-24-hours/Section 5/5.3/Pizza Skill
output lack a privacy policy,riselabs-ufba/alexa-skills/Arithmetic tables/Version 3
output lack a privacy policy,SmartPracticeschool/SPS-4174-Develop-Alexa-Skill-for-COVID-19-Recommendations/alexa
output lack a privacy policy,CG-K/golf-clone
permission lack a privacy policy,MJR113/ask-wheel-of-lunch-skill
permission lack a privacy policy,sifahad-amzn/driving-directions
permission lack a privacy policy,alexa-samples/community-templates/survey-skill-template
permission lack a privacy policy,TajSinghESGI/AlexaCurrency
permission lack a privacy policy,Anand-lab/Restaurant-Finder
permission lack a privacy policy,cjain12/beauty_store
permission lack a privacy policy,AdminAlexaBledina/AlexaDocumentation/08
permission lack a privacy policy,joshua-bloom/alexa-skill-cake-time
permission lack a privacy policy,AlexaRevolution/book_samples_v1/Ch_18/CuriosidadesdelAjolote
permission lack a privacy policy,nlhien/alexa-diana-alarm
permission lack a privacy policy,ydsingh/alexa/feature-demos/skill-demo-dynamic-location
permission lack a privacy policy,arnoutc/mydailymenu_alexaconversations
permission lack a privacy policy,AlexaRevolution/book_samples_v1/Ch_17/CuriosidadesdelAjolote
permission lack a privacy policy,germanviscuso/ASKVideoSeries/06
permission lack a privacy policy,fgozalof/CursodeAlexa/05_intent_chaining
permission lack a privacy policy,AlexaRevolution/book_samples_v1/Ch_13/CuriosidadesdelAjolote
permission lack a privacy policy,alexa-samples/skill-sample-nodejs-zero-to-hero/07
permission lack a privacy policy,bpmct/frame-oss-alexa
permission lack a privacy policy,hackathon-power-team-2019/Alexa-Trigger-Lambda/TRP_Ask_Me
permission lack a privacy policy,germanviscuso/ASKVideoSeries/08
permission lack a privacy policy,sydneyhung/AwareAlexa/aware-setting
permission lack a privacy policy,germanviscuso/ASKVideoSeries/09
permission lack a privacy policy,netdesignr/skill-resumption-demo
permission lack a privacy policy,nithinkumarhere/srskills
permission lack a privacy policy,AwsAlexa/alexa
permission lack a privacy policy,dabblelab/29-alexa-appointment-scheduler-skill
permission lack a privacy policy,alexa-samples/skill-sample-nodejs-the-foodie
permission lack a privacy policy,germanviscuso/ASKVideoSeries/05
permission lack a privacy policy,GHP-Warpaint/remi/Alexa
permission lack a privacy policy,venztech103/api-reminder
permission lack a privacy policy,fgozalof/CursodeAlexa/08
permission lack a privacy policy,smart-city-hack/sch-skill
permission lack a privacy policy,shailsur-2021/alexa
permission lack a privacy policy,alexa/alexa-cookbook/feature-demos/skill-demo-customer-profile
permission lack a privacy policy,alu0101327372/SIPC/amzn1.ask.skill.029fa6c3-fa4d-4e60-817f-90f5f81c88d7
permission lack a privacy policy,highclaws/Alexa
permission lack a privacy policy,alexa-samples/skill-sample-nodejs-zero-to-hero/08
permission lack a privacy policy,fgozalof/CursodeAlexa/05
permission lack a privacy policy,nlgordon/alexa-testing/groceries
permission lack a privacy policy,cook-a-waffle/zero-to-hero-tutorial
permission lack a privacy policy,germanviscuso/ASKVideoSeries/05_intent_chaining
permission lack a privacy policy,alexa-samples/dynamic-location-demo
permission lack a privacy policy,kenjorion/alexa_FootballBase
permission lack a privacy policy,YextSolutions/answers-and-alexa
permission lack a privacy policy,ramisleeman/alexa-auto/aac-sdk1.6/video-playback-hack/skill/video-playback-hack
permission lack a privacy policy,fgozalof/CursodeAlexa/06
permission lack a privacy policy,katukota/ZipSkill
permission lack a privacy policy,wrongholt/Space-Marauders
permission lack a privacy policy,jsetton/alexa-assistant
permission lack a privacy policy,malhotra-vikas/alexa-cookbook/feature-demos/skill-demo-device-location
permission lack a privacy policy,jan-kreischer/FeedbackBot/Skill
permission lack a privacy policy,Mikerosoft25/my-thai-star-beastbelly/alexa
permission lack a privacy policy,fgozalof/CursodeAlexa/09
permission lack a privacy policy,germanviscuso/ASKVideoSeries/07
permission lack a privacy policy,AlexaRevolution/book_samples_v1/Ch_14/CuriosidadesdelAjolote
permission lack a privacy policy,AdminAlexaBledina/AlexaDocumentation/09
permission lack a privacy policy,alexa-samples/skill-sample-nodejs-zero-to-hero/09
permission lack a privacy policy,AdminAlexaBledina/AlexaDocumentation/07
permission lack a privacy policy,BladeSe7en/alexaEcoHome
permission lack a privacy policy,aaronkh/bobafetch-alexa
permission lack a privacy policy,renatospaka/zero-2-hero
permission lack a privacy policy,AdminAlexaBledina/AlexaDocumentation/05_intent_chaining
permission lack a privacy policy,oliver9321/memberCareAssistance
permission lack a privacy policy,vpayette/skill-sample-node-device-location-api
permission lack a privacy policy,chrishui/Alfred-Scheduler
permission lack a privacy policy,Ventrosky/starport-75
permission lack a privacy policy,hpca01/MedReminder
permission lack a privacy policy,nationwidehackathon/analysis-paralysis/alexa-skill
permission lack a privacy policy,ramisleeman/alexa-auto/optimizedCharging/skill/skill-alexa-charging
permission lack a privacy policy,AlexaGroover/AlexaProject/29_Obtain Device Information
permission lack a privacy policy,alexa/alexa-cookbook/feature-demos/skill-demo-dynamic-location
permission lack a privacy policy,cook-a-waffle/happy-anniversary-template
permission lack a privacy policy,AdminAlexaBledina/AlexaDocumentation/05
permission lack a privacy policy,alexa-samples/skill-sample-nodejs-zero-to-hero/06
permission lack a privacy policy,sternma/mdalexa
permission lack a privacy policy,fgozalof/CursodeAlexa/07
permission lack a privacy policy,ASAD5401/chatbot-alexa-foodapp
permission lack a privacy policy,ramisleeman/alexa-auto/aac-sdk1.6/skill-routing-invoke/ice-cream-finder/skill/ice_cream_finder
permission lack a privacy policy,AlexaRevolution/book_samples_v1/Ch_15/CuriosidadesdelAjolote
permission lack a privacy policy,juliocrn94/Happybirthday_Alexa_Skill
permission lack a privacy policy,alexa/alexa-cookbook/feature-demos/skill-demo-person-profile
permission lack a privacy policy,alexa-samples/community-templates/scheduling-skill-template
permission lack a privacy policy,francesco-strazzullo/alexa-introduction-talk
permission lack a privacy policy,alexa-samples/skill-sample-nodejs-zero-to-hero/05_intent_chaining
permission lack a privacy policy,jsetton/alexa-aftership
permission lack a privacy policy,tienwei/smart-claims/alexa-skill/foodie
permission lack a privacy policy,joshua-bloom/cake-time-skill-william
permission lack a privacy policy,AlexaRevolution/book_samples_v1/Ch_16/CuriosidadesdelAjolote
permission lack a privacy policy,AdminAlexaBledina/AlexaDocumentation/06
permission lack a privacy policy,CORaleigh/alexa-cor-webhook
permission lack a privacy policy,mbors/winkSkill
permission lack a privacy policy,alexa-samples/skill-sample-nodejs-zero-to-hero/05
permission lack a privacy policy,adityarana420/Alexa-Integration-Prototype/mist-va
permission lack a privacy policy,CG-K/golf-clone
store slot to database lack a privacy policy,t04glovern/cat-a-log-code/L04_S03
store slot to database lack a privacy policy,AdminAlexaBledina/AlexaDocumentation/08
store slot to database lack a privacy policy,AlexaRevolution/book_samples_v1/Ch_18/CuriosidadesdelAjolote
store slot to database lack a privacy policy,radroof22/hackmit-2021/alexa/amzn1.ask.skill.436cb596-0d9d-490c-a0a7-5e48a8a2ca15
store slot to database lack a privacy policy,germanviscuso/ASKVideoSeries/04
store slot to database lack a privacy policy,fgozalof/CursodeAlexa/04
store slot to database lack a privacy policy,AlexaRevolution/book_samples_v1/Ch_17/CuriosidadesdelAjolote
store slot to database lack a privacy policy,germanviscuso/ASKVideoSeries/06
store slot to database lack a privacy policy,fgozalof/CursodeAlexa/05_intent_chaining
store slot to database lack a privacy policy,AlexaRevolution/book_samples_v1/Ch_13/CuriosidadesdelAjolote
store slot to database lack a privacy policy,t04glovern/cat-a-log-code/L04_S05
store slot to database lack a privacy policy,alexa-samples/skill-sample-nodejs-zero-to-hero/07
store slot to database lack a privacy policy,DTS-STN/ServicePrototypeAlexaIntegration
store slot to database lack a privacy policy,germanviscuso/ASKVideoSeries/08
store slot to database lack a privacy policy,feedm3/learning-alexa-skills-advanced-setup
store slot to database lack a privacy policy,CamiWilliams/LevelUpRiddles-Workshop/Step 1 - Add Advanced Voice Design
store slot to database lack a privacy policy,singha53-zz/omics-bioanalytics-alexa-skill
store slot to database lack a privacy policy,AlexaGroover/AlexaProject/30_Store data in DynamoDB
store slot to database lack a privacy policy,alexa-samples/skill-sample-nodejs-zero-to-hero/04
store slot to database lack a privacy policy,germanviscuso/ASKVideoSeries/09
store slot to database lack a privacy policy,xarques/skill-joyeux-anniversaire/5-AlexaAPI
store slot to database lack a privacy policy,alexa-samples/skill-sample-nodejs-the-foodie
store slot to database lack a privacy policy,germanviscuso/ASKVideoSeries/05
store slot to database lack a privacy policy,t04glovern/cat-a-log-code/L04_S02
store slot to database lack a privacy policy,pallavi192k/HERE-FOR-YOU
store slot to database lack a privacy policy,juanmf/InnovationChallengeDealsAssistantAlexaSkill
store slot to database lack a privacy policy,venztech103/api-reminder
store slot to database lack a privacy policy,fgozalof/CursodeAlexa/08
store slot to database lack a privacy policy,jeffblankenburg/ScavengerHunt/.legacy
store slot to database lack a privacy policy,t04glovern/cat-a-log-code/L04_S06
store slot to database lack a privacy policy,alexa-samples/skill-sample-nodejs-zero-to-hero/08
store slot to database lack a privacy policy,fgozalof/CursodeAlexa/05
store slot to database lack a privacy policy,SebastienCoste/AlexaOblicStrategy
store slot to database lack a privacy policy,cook-a-waffle/zero-to-hero-tutorial
store slot to database lack a privacy policy,germanviscuso/ASKVideoSeries/05_intent_chaining
store slot to database lack a privacy policy,inobtsp/crowdsoucing_platform
store slot to database lack a privacy policy,CamiWilliams/LevelUpRiddles-Workshop/Step 3 - Add APL
store slot to database lack a privacy policy,xarques/skill-joyeux-anniversaire/6-Reminder API
store slot to database lack a privacy policy,fgozalof/CursodeAlexa/06
store slot to database lack a privacy policy,SwapnilShahGit/STEM-Party
store slot to database lack a privacy policy,AdminAlexaBledina/AlexaDocumentation/04
store slot to database lack a privacy policy,fgozalof/CursodeAlexa/09
store slot to database lack a privacy policy,alexa-labs/skill-sample-nodejs-level-up-riddles/Step 2 - Add ISP
store slot to database lack a privacy policy,germanviscuso/ASKVideoSeries/07
store slot to database lack a privacy policy,AlexaRevolution/book_samples_v1/Ch_14/CuriosidadesdelAjolote
store slot to database lack a privacy policy,AdminAlexaBledina/AlexaDocumentation/09
store slot to database lack a privacy policy,mikdanjey/AlexaKyybaHappyBirthday
store slot to database lack a privacy policy,alexa-samples/skill-sample-nodejs-zero-to-hero/09
store slot to database lack a privacy policy,AdminAlexaBledina/AlexaDocumentation/07
store slot to database lack a privacy policy,xarques/skill-joyeux-anniversaire/7-External APIs
store slot to database lack a privacy policy,Makerdemy/Alexa-skills-in-24-hours/Section 4/4.3/Image quiz
store slot to database lack a privacy policy,renatospaka/zero-2-hero
store slot to database lack a privacy policy,AdminAlexaBledina/AlexaDocumentation/05_intent_chaining
store slot to database lack a privacy policy,CamiWilliams/LevelUpRiddles-Workshop/Step 2 - Add ISP
store slot to database lack a privacy policy,oliver9321/memberCareAssistance
store slot to database lack a privacy policy,xarques/skill-joyeux-anniversaire/4-Persistence
store slot to database lack a privacy policy,Ioana-Nadia/BachelorDegree
store slot to database lack a privacy policy,raquelfishes/alexaSkill
store slot to database lack a privacy policy,Makerdemy/Advanced-Alexa/SECTION-3/carry checker
store slot to database lack a privacy policy,AdminAlexaBledina/AlexaDocumentation/05
store slot to database lack a privacy policy,alexa-samples/skill-sample-nodejs-zero-to-hero/06
store slot to database lack a privacy policy,AlexaRevolution/book_samples_v1/Ch_11/CuriosidadesdelAjolote
store slot to database lack a privacy policy,ashwiniverma/NonProfitCompassion/interaction-service
store slot to database lack a privacy policy,sgiri/Alexa
store slot to database lack a privacy policy,AlexaGroover/AlexaProject/31_Account Linking
store slot to database lack a privacy policy,fgozalof/CursodeAlexa/07
store slot to database lack a privacy policy,AlexaRevolution/book_samples_v1/Ch_15/CuriosidadesdelAjolote
store slot to database lack a privacy policy,t04glovern/cat-a-log-code/L04_S04
store slot to database lack a privacy policy,juliocrn94/Happybirthday_Alexa_Skill
store slot to database lack a privacy policy,ocelotconsulting/voice-framework-boilerplate
store slot to database lack a privacy policy,AlexaRevolution/book_samples_v1/Ch_12/CuriosidadesdelAjolote
store slot to database lack a privacy policy,t04glovern/cat-a-log-code/L04_S07
store slot to database lack a privacy policy,alexa-samples/skill-sample-nodejs-zero-to-hero/05_intent_chaining
store slot to database lack a privacy policy,tienwei/smart-claims/alexa-skill/foodie
store slot to database lack a privacy policy,alexa-labs/skill-sample-nodejs-level-up-riddles/Step 3 - Add APL
store slot to database lack a privacy policy,AlexaRevolution/book_samples_v1/Ch_16/CuriosidadesdelAjolote
store slot to database lack a privacy policy,AdminAlexaBledina/AlexaDocumentation/06
store slot to database lack a privacy policy,alexa-labs/skill-sample-nodejs-level-up-riddles/Step 1 - Add Advanced Voice Design
store slot to database lack a privacy policy,alexa-samples/skill-sample-nodejs-zero-to-hero/05
store slot to database lack a privacy policy,Makerdemy/Alexa-skills-in-24-hours/Section 5/5.3/Pizza Skill
store slot to database lack a privacy policy,queirozsc/Alexa-Workshop
store permission to database lack a privacy policy,germanviscuso/ASKVideoSeries/05
store permission to database lack a privacy policy,cook-a-waffle/happy-anniversary-template
store permission to database lack a privacy policy,alexa-samples/community-templates/survey-skill-template
store permission to database lack a privacy policy,venztech103/api-reminder
store permission to database lack a privacy policy,AdminAlexaBledina/AlexaDocumentation/05
store permission to database lack a privacy policy,alexa-samples/skill-sample-nodejs-zero-to-hero/06
store permission to database lack a privacy policy,katukota/ZipSkill
store permission to database lack a privacy policy,TajSinghESGI/AlexaCurrency
store permission to database lack a privacy policy,fgozalof/CursodeAlexa/08
store permission to database lack a privacy policy,Mikerosoft25/my-thai-star-beastbelly/alexa
store permission to database lack a privacy policy,AdminAlexaBledina/AlexaDocumentation/08
store permission to database lack a privacy policy,fgozalof/CursodeAlexa/07
store permission to database lack a privacy policy,AlexaRevolution/book_samples_v1/Ch_18/CuriosidadesdelAjolote
store permission to database lack a privacy policy,fgozalof/CursodeAlexa/09
store permission to database lack a privacy policy,AlexaRevolution/book_samples_v1/Ch_15/CuriosidadesdelAjolote
store permission to database lack a privacy policy,juliocrn94/Happybirthday_Alexa_Skill
store permission to database lack a privacy policy,germanviscuso/ASKVideoSeries/07
store permission to database lack a privacy policy,AlexaRevolution/book_samples_v1/Ch_14/CuriosidadesdelAjolote
store permission to database lack a privacy policy,AlexaRevolution/book_samples_v1/Ch_17/CuriosidadesdelAjolote
store permission to database lack a privacy policy,AdminAlexaBledina/AlexaDocumentation/09
store permission to database lack a privacy policy,alexa-samples/skill-sample-nodejs-zero-to-hero/09
store permission to database lack a privacy policy,AdminAlexaBledina/AlexaDocumentation/07
store permission to database lack a privacy policy,fgozalof/CursodeAlexa/05_intent_chaining
store permission to database lack a privacy policy,germanviscuso/ASKVideoSeries/06
store permission to database lack a privacy policy,AlexaRevolution/book_samples_v1/Ch_13/CuriosidadesdelAjolote
store permission to database lack a privacy policy,alexa-samples/skill-sample-nodejs-zero-to-hero/08
store permission to database lack a privacy policy,highclaws/Alexa
store permission to database lack a privacy policy,alexa-samples/skill-sample-nodejs-zero-to-hero/07
store permission to database lack a privacy policy,renatospaka/zero-2-hero
store permission to database lack a privacy policy,AdminAlexaBledina/AlexaDocumentation/05_intent_chaining
store permission to database lack a privacy policy,fgozalof/CursodeAlexa/05
store permission to database lack a privacy policy,alexa-samples/skill-sample-nodejs-zero-to-hero/05_intent_chaining
store permission to database lack a privacy policy,oliver9321/memberCareAssistance
store permission to database lack a privacy policy,tienwei/smart-claims/alexa-skill/foodie
store permission to database lack a privacy policy,germanviscuso/ASKVideoSeries/08
store permission to database lack a privacy policy,cook-a-waffle/zero-to-hero-tutorial
store permission to database lack a privacy policy,germanviscuso/ASKVideoSeries/05_intent_chaining
store permission to database lack a privacy policy,AlexaRevolution/book_samples_v1/Ch_16/CuriosidadesdelAjolote
store permission to database lack a privacy policy,AdminAlexaBledina/AlexaDocumentation/06
store permission to database lack a privacy policy,germanviscuso/ASKVideoSeries/09
store permission to database lack a privacy policy,kenjorion/alexa_FootballBase
store permission to database lack a privacy policy,alexa-samples/skill-sample-nodejs-zero-to-hero/05
store permission to database lack a privacy policy,AwsAlexa/alexa
store permission to database lack a privacy policy,fgozalof/CursodeAlexa/06
store permission to database lack a privacy policy,alexa-samples/skill-sample-nodejs-the-foodie
disclosure lack a privacy policy,joshua-bloom/cake-time-skill-william
disclosure lack a privacy policy,willsower/AlexaSkillHackathon/MySkill/DownloadedSkill
disclosure lack a privacy policy,ehelbig1/cake_walk
disclosure lack a privacy policy,joshua-bloom/alexa-skill-cake-time
output incomplete privacy policy,johnzhang-redspace/jovo-sample
output incomplete privacy policy,codeforboston/voiceapp311
output incomplete privacy policy,fgozalof/CursodeAlexa/11
output incomplete privacy policy,germanviscuso/ASKVideoSeries/10
output incomplete privacy policy,TeamCodebreakers/idk_source
output incomplete privacy policy,Sengchanasa/Community_Support
output incomplete privacy policy,omdesai/Jovo-app
output incomplete privacy policy,gusgad/alexa-polarcast
output incomplete privacy policy,fgozalof/CursodeAlexa/10
output incomplete privacy policy,prady13/Cake-Time
output incomplete privacy policy,zanemx/what-can-i-grow
output incomplete privacy policy,FasihAhmedRaza/morning-mediation-alexa
output incomplete privacy policy,BradGriffith/cookie-sales-skill
output incomplete privacy policy,AdminAlexaBledina/AlexaDocumentation/10
output incomplete privacy policy,Voice-First-AI/write-by-voice/write-to-medium-by-voice
output incomplete privacy policy,Skoo84/Magic-Mirror/alexa skill
output incomplete privacy policy,alexa-samples/skill-sample-nodejs-zero-to-hero/10
output incomplete privacy policy,3unyt/Alexa-Intern-Helper
output incomplete privacy policy,xengravity/amazon-pay-alexa-v2-demo
permission incomplete privacy policy,AlexaSRM/Skilltober-Hacktober-2020
permission incomplete privacy policy,fgozalof/CursodeAlexa/11
permission incomplete privacy policy,germanviscuso/ASKVideoSeries/10
permission incomplete privacy policy,TeamCodebreakers/idk_source
permission incomplete privacy policy,KanuGaba/Amazon-PreOnboarding-Alexa-Skill
permission incomplete privacy policy,qihengchen/alexa-skills
permission incomplete privacy policy,stevenbeales/pain-diary
permission incomplete privacy policy,fgozalof/CursodeAlexa/10
permission incomplete privacy policy,zanemx/what-can-i-grow
permission incomplete privacy policy,steveoh/alexa-how-high-am-i
permission incomplete privacy policy,Khanna20/test
permission incomplete privacy policy,dkori/hackathon_wildfires/skill code
permission incomplete privacy policy,Smarto-Dev/prof
permission incomplete privacy policy,kulwantyadav101/Team3-HackTheMachine/soft-widget-assistant
permission incomplete privacy policy,erviveksoni/innovathon-alexa-skill
permission incomplete privacy policy,AdminAlexaBledina/AlexaDocumentation/10
permission incomplete privacy policy,nahianc/AWS-Alexa-Skill-Prayer-Assistant
permission incomplete privacy policy,cooldevil007/Customer-Profile-API---NodeJS
permission incomplete privacy policy,MarioGonzalezGomez/JuegoConAlexaSkills/C贸digo
permission incomplete privacy policy,ddlan/date.a.voice
permission incomplete privacy policy,alexa-samples/skill-sample-nodejs-zero-to-hero/10
permission incomplete privacy policy,3unyt/Alexa-Intern-Helper
permission incomplete privacy policy,xicoder96/psys-quiz-game-alexa-skill
store to database incomplete privacy policy,MarioGonzalezGomez/JuegoConAlexaSkills/Código
store to database incomplete privacy policy,germanviscuso/ASKVideoSeries/10
store to database incomplete privacy policy,TeamCodebreakers/idk_source
store to database incomplete privacy policy,erviveksoni/innovathon-alexa-skill
store to database incomplete privacy policy,alexa-samples/skill-sample-nodejs-zero-to-hero/10
store to database incomplete privacy policy,AdminAlexaBledina/AlexaDocumentation/10
store to database incomplete privacy policy,3unyt/Alexa-Intern-Helper
store to database incomplete privacy policy,fgozalof/CursodeAlexa/11
store to database incomplete privacy policy,xicoder96/psys-quiz-game-alexa-skill
store to database incomplete privacy policy,fgozalof/CursodeAlexa/10
disclosure incomplete privacy policy,AlexaSRM/Skilltober-Hacktober-2020
disclosure incomplete privacy policy,codeforboston/voiceapp311
disclosure incomplete privacy policy,fgozalof/CursodeAlexa/11
disclosure incomplete privacy policy,MarioGonzalezGomez/JuegoConAlexaSkills/Código
disclosure incomplete privacy policy,germanviscuso/ASKVideoSeries/10
disclosure incomplete privacy policy,KanuGaba/Amazon-PreOnboarding-Alexa-Skill
disclosure incomplete privacy policy,qihengchen/alexa-skills
disclosure incomplete privacy policy,stevenbeales/pain-diary
disclosure incomplete privacy policy,fgozalof/CursodeAlexa/10
disclosure incomplete privacy policy,prady13/Cake-Time
disclosure incomplete privacy policy,steveoh/alexa-how-high-am-i
disclosure incomplete privacy policy,dkori/hackathon_wildfires/skill code
disclosure incomplete privacy policy,erviveksoni/innovathon-alexa-skill
disclosure incomplete privacy policy,LorenzHW/Telegram-Connect
disclosure incomplete privacy policy,AdminAlexaBledina/AlexaDocumentation/10
disclosure incomplete privacy policy,alexa-samples/skill-sample-nodejs-zero-to-hero/10
disclosure incomplete privacy policy,3unyt/Alexa-Intern-Helper
disclosure incomplete privacy policy,xengravity/amazon-pay-alexa-v2-demo
disclosure incomplete privacy policy,xicoder96/psys-quiz-game-alexa-skill
permission not used,GHP-Warpaint/remi/Alexa
permission not used,sifahad-amzn/driving-directions
permission not used,alexa-samples/community-templates/survey-skill-template
permission not used,katukota/ZipSkill
permission not used,TajSinghESGI/AlexaCurrency
permission not used,vijay120/Farm-Assistant/farm
permission not used,cjain12/beauty_store
permission not used,ramy-hassan/bonial-va-poc
permission not used,shailsur-2021/alexa
permission not used,smart-city-hack/sch-skill
permission not used,rahulyadav360/25-alexa-sendgrid-subscriber-skill
permission not used,joshua-bloom/alexa-skill-cake-time
permission not used,ASAD5401/chatbot-alexa-foodapp
permission not used,AlexaRevolution/book_samples_v1/Ch_18/CuriosidadesdelAjolote
permission not used,AlexaRevolution/book_samples_v1/Ch_15/CuriosidadesdelAjolote
permission not used,nlhien/alexa-diana-alarm
permission not used,alexa/alexa-cookbook/feature-demos/skill-demo-person-profile
permission not used,qihengchen/alexa-skills
permission not used,stevenbeales/pain-diary
permission not used,AlexaRevolution/book_samples_v1/Ch_14/CuriosidadesdelAjolote
permission not used,AlexaRevolution/book_samples_v1/Ch_17/CuriosidadesdelAjolote
permission not used,zanemx/what-can-i-grow
permission not used,AlexaRevolution/book_samples_v1/Ch_13/CuriosidadesdelAjolote
permission not used,BladeSe7en/alexaEcoHome
permission not used,aaronkh/bobafetch-alexa
permission not used,mhaveliwala/alexa-covid-skill
permission not used,bpmct/frame-oss-alexa
permission not used,nlgordon/alexa-testing/groceries
permission not used,joshua-bloom/cake-time-skill-william
permission not used,hpca01/MedReminder
permission not used,AlexaRevolution/book_samples_v1/Ch_16/CuriosidadesdelAjolote
permission not used,nationwidehackathon/analysis-paralysis/alexa-skill
permission not used,sydneyhung/AwareAlexa/aware-setting
permission not used,ramisleeman/alexa-auto/optimizedCharging/skill/skill-alexa-charging
permission not used,ddlan/date.a.voice
permission not used,mbors/winkSkill
permission not used,3unyt/Alexa-Intern-Helper
permission not used,netdesignr/skill-resumption-demo
permission not used,YextSolutions/answers-and-alexa
permission not used,adityarana420/Alexa-Integration-Prototype/mist-va
permission not used,ramisleeman/alexa-auto/aac-sdk1.6/video-playback-hack/skill/video-playback-hack
permission not used,umoazzam/covid_tracker_dubhacks_2020
permission not ask but call,jeffblankenburg/ScavengerHunt/.legacy
permission not ask but call,Carlos231/Airbnb-Voice-Driven-Amazon-Alexa-Application
permission not ask but call,aws-samples/ask-form-template
permission not ask but call,xarques/skill-joyeux-anniversaire/5-AlexaAPI
permission not ask but call,LorenzHW/Telegram-Connect
permission not ask but call,RMunschie92/european-capitals-trivia
permission not ask but call,MatthewThePham/ProjectNearMe
permission not ask but call,ashleymavericks/dietary-care
permission not ask but call,brightsparc/ask-form-template
permission not ask but call,fullmigasamurai/AstroGilda
permission not ask but call,alexa/alexa-cookbook/feature-demos/skill-demo-device-settings
permission not ask but call,JulyMaker/JulyAlexaSkill/miSkill
permission not ask but call,javichur/alexa-skill-clean-code-template
permission not ask but call,knutsun/Corona-radar
permission not ask but call,rahulyadav360/axr_radio/lambda
permission not ask but call,derrickxli/Amazon-Alexa-Intern-Hackathon
permission not ask but call,raquelfishes/alexaSkill
permission not ask but call,blackboard/BBDN-REST-AlexaSkill-Node/alexa
disclosure,MJR113/ask-wheel-of-lunch-skill
disclosure,0xDebabrata/alexa-covid19-tracker
disclosure,MONESH-D/Alexa-1
disclosure,MegaFoodBlue/avocado-alexa
disclosure,vijay120/Farm-Assistant/farm
disclosure,dabblelab/8-alexa-canfulfillintentrequest-example-skill
disclosure,rahulyadav360/25-alexa-sendgrid-subscriber-skill
disclosure,haackr/JustTheTemp
disclosure,maciekzdaleka/Bray-Train-Times
disclosure,ysunaw/voice-questionnaire/alexa-dynamodb-starter
disclosure,cavewoman/chattanooga-techie-skill
disclosure,GideonBrasil/Everything-Calgary/calgary
disclosure,amantech90/alexa-remote-api
disclosure,dacf/Reddit-Reads
disclosure,rramsisa/VITA/alexa
disclosure,mhaveliwala/alexa-covid-skill
disclosure,kulwantyadav101/Team3-HackTheMachine/soft-widget-assistant
disclosure,dabblelab/freecodecamp-livestream/freecodecamp-alexa-skill
disclosure,hackathon-power-team-2019/Alexa-Trigger-Lambda/TRP_Ask_Me
disclosure,ahsanali17/RocketElevators-AI-Alexa
disclosure,netdesignr/skill-resumption-demo
disclosure,umoazzam/covid_tracker_dubhacks_2020
disclosure,mgaringoDev/customAlexaVoiceDBConnection
disclosure,LucasGauterio/alexa
disclosure,johnzhang-redspace/jovo-sample
disclosure,dabblelab/2-alexa-remote-api-example-skill
disclosure,vijayanandpg6/Climb-Fall
disclosure,saadeddinne/test
disclosure,ijlal-gondal/RocketElevators-AI/alexa-remote-api-skill-template-master
disclosure,smart-city-hack/sch-skill
disclosure,s-maheshbabu/restrooms-alexa-skill
disclosure,s-maheshbabu/azure-restrooms-alexa-skill
disclosure,ValBeaupre/RocketElevators-AI
disclosure,praveenkavedi/AlexaTherapist
disclosure,Sengchanasa/Community_Support
disclosure,omdesai/Jovo-app
disclosure,gusgad/alexa-polarcast
disclosure,pearlandrw/car-go
disclosure,zanemx/what-can-i-grow
disclosure,peterkentish/bike-finder
disclosure,Voice-First-AI/write-by-voice/write-to-medium-by-voice
disclosure,EchoSkillTemplates/Alexa-API-Starter
disclosure,SebastienCoste/AlexaOblicStrategy
disclosure,Skoo84/Magic-Mirror/alexa skill
disclosure,shivangi4742/reactnative/bkp/oneture/alexa/api-starter-alexa-master
disclosure,KiranWells/howdy-hack-alexa
disclosure,migius/starting-player/alexa-skill/starting-player
disclosure,EdwardF2/Testing-Alexa
disclosure,dabblelab/1-alexa-basic-example-skill
disclosure,ramy-hassan/bonial-va-poc
disclosure,adityarana420/Alexa-Integration-Prototype/mist-va
disclosure,bhalgalix/movie-diaries
disclosure,bzobrist/nodeproxy_alexa_skill
disclosure,Sethlimlee/AlexaCakeTimeSkill
disclosure,dimpscapri/Smart-Lock
disclosure,Khanna20/test
disclosure,Smarto-Dev/prof
disclosure,tingiris/starter-demo-two
disclosure,FasihAhmedRaza/morning-mediation-alexa
disclosure,BradGriffith/cookie-sales-skill
disclosure,kevinchen2023/SongMatch/KevinChenSongMatch
disclosure,brianronaghan/make-me-smart-alexa
disclosure,amitku126/falcon/High_Risk_Broader_10_0
disclosure,nahianc/AWS-Alexa-Skill-Prayer-Assistant
disclosure,cooldevil007/Customer-Profile-API---NodeJS
disclosure,dylan-nogueras/GatoEncerrado_TFG/Skill_Alexa_Gato_encerrado_ES_EN
disclosure,dabblelab/16-alexa-account-linking-example-skill
disclosure,dkaj1990/react-native-alexa-app/reactn-alexa/alexa
disclosure,dabblelab/10-alexa-dynamodb-datastore-example-skill
disclosure,thierryh9/RocketElevators-AI
disclosure,lucasagostini/NicaProject
disclosure,jiayizhg/reflectMirror
disclosure,amitku126/falcon/EN_Only_3_0
disclosure,rneiva/Astronautas
disclosure,sternma/mdalexa
disclosure,ilikerobots/estonia-one-hundred-alexa
disclosure,junw10/noah.care
disclosure,KaveeshaW/covidTracker/covid tracker
disclosure,TeamCodebreakers/idk_source
disclosure,dabblelab/15-alexa-apl-example-skill
disclosure,AbhinavTuli/Foodie-Index
disclosure,dabblelab/6-alexa-address-information-example-skill
disclosure,AbhinavTuli/Apartments-Finder
disclosure,MikeAlphaXray/KaraEcho-HowdyHack-2021
disclosure,amitku126/falcon/EN_with_other_4_0
disclosure,amitku126/all_en/basic-starter
disclosure,gsdriver/craps
disclosure,Preeti728/SoftWidget
disclosure,amitku126/falcon/Amazon_Pay_Broader_10_0
disclosure,shivangi4742/Myalexaskill
disclosure,Kowsalya-Balachandran/kowsalyadhanam
disclosure,dabblelab/4-alexa-session-attributes-example-skill
disclosure,phoebe-assistant/dynamo-cards
disclosure,gsdriver/play-blackjack-alexa
disclosure,FasihAhmedRaza/alexa-client
disclosure,ddlan/date.a.voice
disclosure,HoagsObjectD/AlexaSkill/JovoSelfProgrammable
disclosure,kiranreddy1/api-starter
disclosure,dvontrec/Sprinkle-of-Alexa
output profanity,manubumb/AlexaTestSkill
positive rating,FasihAhmedRaza/morning-mediation-alexa
positive rating,Qwinix/Rise-and-Shine_Alexa-Skill
invocation name,akpersad/Vitagraph-Alexa-Skill
invocation name,sheheryarwaseem6/Voice-Weather-App
invocation name,Makerdemy/Alexa-skills-in-24-hours/Section 2/2.6/first skill
invocation name,cfarmer-fearless/fearless-alexa-skill
invocation name,aishu-S/Alexa_course_contents/Learn Alexa the fun way/section 4/4.4
invocation name,joeysmoll/alexa-joust-game
invocation name,lekstonjm/alexa/alexa-jutsu
invocation name,monosay/monosay-nodejs/src/samples/simple/jovo
invocation name,boobo94/Pomodoro-Alexa-Skill
invocation name,javichur/alexa-skill-clean-code-template
invocation name,ewpatton/aptly-skill
invocation name,mikeymclellan/irrigation/alexa
invocation name,zahraessa/Indecisive
invocation name,shkailas/TournamentApp
invocation name,Mry0guy/alexaSkill/single-stream
invocation name,andrewhlu/step-to-jeff
invocation name,bbezerra82/canFulfillIntentRequest/canFulfillPaulNoSlots
invocation name,shantamsultania/Alexa-Skills/Facts skills without AWS
invocation name,BH0/gitlexa
invocation name,caterinasworld/cat-facts-alexa-skill
invocation name,jasminehl/alexaskills
invocation name,alexturnbull7/alex-skill-is-today-a-mournes-day
invocation name,cooldevil007/alexa-DisplayDemo
invocation name,alexa-labs/skill-sample-nodejs-pager-karaoke
invocation name,aws-samples/connected-vehicle-lab/vehicle-command
invocation name,FlorianHollandt/skillTemplate-asksdk
invocation name,alexa-dev-hub/alexa-skills/skills-by-the-team/GarimaSingh/Hello world
invocation name,daniel-woods/bodoni-alexa-skill
invocation name,aman199002/alexa_birthday_reminder
invocation name,nlhien/alexa-diana-alarm
invocation name,SaiShashank12/alexa-football-states
invocation name,aishu827/Learn-Alexa-the-fun-way/Learn Alexa the fun way/section 1/1.5
invocation name,codefellows/seattle-java-401d11/class-44/demo/alexa-test/guessing-game/amzn1.ask.skill.78bd7e12-fd1a-4d8d-af5f-20fdd19bc7e6
invocation name,spenwall/alexa-radarr
invocation name,aishu827/Learn-Alexa-the-fun-way/Learn Alexa the fun way/section 4/4.6
invocation name,JadeZaher/Alexa-VideoLibrary-Skill
invocation name,alexa-samples/skill-sample-nodejs-shopping-actions
invocation name,GideonBrasil/Everything-Calgary/calgary
invocation name,manuel1507/receptionist
invocation name,prasanthpotturi/echoLoopback
invocation name,haydenwade/speaking-st-cloud-alexa-nodejs-public-apis/st-cloud-demo-skill
invocation name,deelin/getSendy
invocation name,RedPillNow/hello-collabsphere
invocation name,alexa-samples/skill-sample-nodejs-multi
invocation name,aashay4123/Greeter-Custom-alexa-skill
invocation name,rramsisa/VITA/alexa
invocation name,boobo94/alexa-skill-starter-pack-typescript
invocation name,Cheesetouched/Hireoo/Alexa Skill
invocation name,matthewjgunton/medhacks
invocation name,SaTyaM-99/alexa
invocation name,GektorGrom/alexa-sc2
invocation name,DonaldLika/alexa-albanian-translator
invocation name,dianashao/tunes-for-you-skill
invocation name,jnvo25/alexa-study-tracker
invocation name,anisha-chatterjee/brain-bee-challenge-old
invocation name,jeffblankenburg/AlexaSkillTemplate
invocation name,krypted/speaklambdas
invocation name,mikeliddle/Memo
invocation name,limeman38/Alexa/awsFactSkill
invocation name,officialdotgames/dotGames-Alexa-LITEn/dotGames.LITEn
invocation name,gigamike/accenture2019/alexa-skill
invocation name,sydneyhung/AwareAlexa/aware-setting
invocation name,robbalmbra1/AlexaBasicTemplate
invocation name,cmartin009/test-app
invocation name,alexa/alexa-cookbook/feature-demos/skill-demo-personalization
invocation name,chirag1702/alexa_skill
invocation name,alu0101325583/Alexa-Skill-question-game
invocation name,jkleinwaechter/CloneMe
invocation name,NanditaIyer/basic-api
invocation name,harmeet651/alexaMentorPal
invocation name,SAMARTH2222/skill-B
invocation name,smithsa/train-arrival-times
invocation name,alexa-samples/skill-sample-nodejs-the-foodie
invocation name,personalrobotics/ADA_Talk
invocation name,nitzzzu/alexa-local-skills
invocation name,vicrojo/caitemplate
invocation name,codeherk/hOOt/alexa
invocation name,falent/hack
invocation name,Sitecore-Hackathon/2019-draniki/src/Project/Draniki/alexa
invocation name,djiti/skill-factory
invocation name,pallavi192k/HERE-FOR-YOU
invocation name,PetrShypila/Talk2MeBerlin
invocation name,javichur/alexa-skill-nevera-estado
invocation name,alexa/alexa-cookbook/feature-demos/skill-demo-catalog-entity
invocation name,Namone/slackful
invocation name,jayant1616/sq02Dev
invocation name,ydsingh/alexa/feature-demos/skill-demo-catalog-entity
invocation name,oren/fit-science
invocation name,Arniox/first-project-test
invocation name,mbmccormick/alexa-rooftop
invocation name,pfeilbr/alexa-skills-playground/skills/sage
invocation name,AlexaRevolution/book_samples_v1/Ch_4/testskill
invocation name,andreroberts1119/alexa_skill
invocation name,manubumb/SpaceXSkill
invocation name,bhammack/alexa-metro
invocation name,queirozsc/Alexa-Workshop
invocation name,star933/alexa-streaming-audio/single-stream
invocation name,jaredlueck/Dresser
invocation name,Qwinix/Rise-and-Shine_Alexa-Skill
invocation name,ck3g/alexa-skill-how-tos/how-to-use-slots
invocation name,Shreyas-vgr/Timer-Python-Skill
invocation name,praveenkavedi/AlexaTherapist
invocation name,alexa-dev-hub/alexa-skills/skills-by-the-team/GarimaSingh/Touristy
invocation name,aryabrains-official/StoriesForMe
invocation name,photonfighterlabs/in-my-seats-jovo
invocation name,Gurupra5ad/Domino-pizza/alexa-skill
invocation name,dingyusantino/Alexa_Trivia_Game_Skill
invocation name,Sengchanasa/Community_Support
invocation name,webanalyst/alexa-skills-seed-for-nodejs
invocation name,danielbarnes175/Zoro.com-Internship
invocation name,Daniel-Ruiz-Gtz/SIS-Caso_Estudio-3
invocation name,oxygenbox/demo-skill-hello-world-git
invocation name,dbkr/radiotest
invocation name,RedPillNow/hello-engage
invocation name,falent/hackIoT/AlexaNewSkill
invocation name,surajraj99/Plaza-Business
invocation name,Steepo/Alexa-Skill-SpaceX
invocation name,bespoken/virtual-alexa/test/resources
invocation name,yusufsipahi/my_conversations
invocation name,ColemanMitch/Speech2Tweet/Speech2Tweet
invocation name,maddydevgits/case-study5-alexa-maddy-aws-workshop
invocation name,HackathonTeamRed2018/ProsChallenge2018/test
invocation name,microsaurav/Alexa/client
invocation name,inobtsp/crowdsoucing_project
invocation name,inobtsp/crowdsoucing_platform
invocation name,rockey1006/response123
invocation name,ordinarykids/Recycler
invocation name,jayant1616/HelloToWorld
invocation name,AlexaLambda/emotiondetection
invocation name,alexa/alexa-cookbook/feature-demos/skill-demo-device-location/lambda/java/src/com/amazon/ask/demo/DeviceLocation
invocation name,me-rsharma/alexa-skills
invocation name,andiub97/ThesisProject/alexaSkill
invocation name,ATgump/alexaRecordSkill
invocation name,mccormickmichael/alexa-corgi-facts
invocation name,rpnayak80/skill-sample-nodejs-ITSS
invocation name,tovaz/paj-alexa-skill
invocation name,mlomboglia/alexa-skill-video
invocation name,ydsingh/alexa/feature-demos/skill-demo-device-location/lambda/java/src/com/amazon/ask/demo/DeviceLocation
invocation name,josephdrane/rawr
invocation name,lekstonjm/alexa/alexa-blackjack
invocation name,nitinc9/aws_iot_mailbox/alexa
invocation name,wrongholt/Powers
invocation name,controlthingsopensource/alexa-iot/alexa-skill
invocation name,botchway44/Alexa-Dictionary-Voice-Skill
invocation name,ramy-hassan/bonial-va-poc
invocation name,rkj706/alexa
invocation name,klaraseitz/Alexa-CardocSkill
invocation name,baclap/q-and-a-template
invocation name,singhsobat/restaurant_skill/restaurantBill
invocation name,dabblelab/5-alexa-video-example-skill
invocation name,carlotorniai/TestSkill
invocation name,serverlesspub/alexa-skills-development/solutions/2-alexa-pizza
invocation name,t04glovern/cat-a-log-code/L03_S03
invocation name,sl106/AA
invocation name,teledemic/alexa-radiator
invocation name,alexa-labs/skill-sample-nodejs-level-up-riddles/Step 2 - Add ISP
invocation name,megaboy101/alexa-hackkit/packages/templates/alexa-serverless/packages
invocation name,aishu-S/Alexa_course_contents/Learn Alexa the fun way/section 4/4.6
invocation name,dhruvarora2/Remindy-Alexa-Skill
invocation name,swalker326/signing-savvy-alexa-skill
invocation name,ScottKwang/CodeWithFriends-Spring2020/projects
invocation name,Xzya/alexa-typescript-starter
invocation name,ujjwalchadha8/Remindy-Alex-Skill
invocation name,muccijacopo/alexa-typescript-starter
invocation name,angeloreale/public-radio-alexa-skill
invocation name,cook-a-waffle/lovers-template
invocation name,jjlahatte/Alexa-Project
invocation name,benhalverson/AlexaSkillMercedesBenz
invocation name,divyanshu1810/Alexa-Skill-News-App
invocation name,yoyota-archived/alexa-skill-dudaji-home-assistant
invocation name,codefellows/seattle-code-java-401d14/class-44/demo/alexa-test/guessing-game/amzn1.ask.skill.78bd7e12-fd1a-4d8d-af5f-20fdd19bc7e6
invocation name,charlesguse/ggj2019
invocation name,igorblmaciel/template_skill_alexa_1
invocation name,ryandens/Alexa-CI-example/New_Color_Skill
invocation name,alexa/alexa-cookbook/feature-demos/skill-connections/requester-demo
invocation name,aidex-hackability/aidex/aidexDrive
invocation name,anhuiyang/alexa_js_quiz
invocation name,kiranreddy1/api-starter
invocation name,CamiWilliams/LevelUpRiddles-Workshop/Step 2 - Add ISP
invocation name,MrLordBrown/spirithuntz/.deploy/test/.ask/lambda
invocation name,bravokeyl/kfever
invocation name,cooldevil007/alexa-JokeSkill
invocation name,alexa/alexa-cookbook/feature-demos/skill-connections/provider-demo
invocation name,Sonicallstar/2390l-TC-/ASK-skills/hello-world
invocation name,Abhinav0909/Jokes/client/amzn1.ask.skill.97acfbba-a3d9-4eb5-a240-77f8f0030a40
invocation name,otrenav/hands-on-voice-enabled-applications/todos-web-app-complete/vui
invocation name,germanviscuso/skill-demo-voiceprofiles
invocation name,jallwork/Alexa_ISP
invocation name,sinapples/superEffective
invocation name,alexa-dev-hub/Alexa-HackTheOctober-2/amzn1.ask.skill.a3d84f7b-5031-4126-bdb4-54a34347ede2
invocation name,theyjas/UnniStore
invocation name,andrelandgraf/foodo-alexa-skill
invocation name,doocando/Alexa-GetRateTo
invocation name,austinvach/apl-audio-to-speech
invocation name,aishu827/Learn-Alexa-the-fun-way/Learn Alexa the fun way/section 4/4.4
invocation name,leahnimsj/alexa_project
invocation name,kendgol/Alexa-Project-Skill
invocation name,asananddevsingh/alexa-v2-playlist
invocation name,1337-server/Tracked-media
invocation name,aws-samples/simple-smart-mirror/smart-mirror-full/extracted
invocation name,Voice-First-Tech/Jovo-CanFulfillIntentRequest
invocation name,A-Sattari/Exam-Schedule-Skill
invocation name,pohora/MulesoftHackathon2020/mulesofthackathon2020/movid_frontend
invocation name,cjjenkinson/alexa-skill-boilerplate
invocation name,wkhori-wmp/EUHackathon
invocation name,aishu-S/Alexa_course_contents/Learn Alexa the fun way/section 1/1.5
invocation name,Dlozitskiy/alexa-white-noise-machine
invocation name,cimpoesub/alexaDemoSdk2
invocation name,ask-utils/example
invocation name,giovanidecusati/readify-b2b-alexa/src/RaffleSkill
invocation name,MrLordBrown/spirithuntz/.deploy/test/lambda
invocation name,Hearst-DD/alexa-horoscope-workshop
invocation name,Makerdemy/Alexa-skills-in-24-hours/Section 6/6.3/demo skill
invocation name,kstephens1/alexa_space_picture
invocation name,ashwiniverma/NonProfitCompassion/interaction-service
invocation name,rneiva/Astronautas
invocation name,mahmed74/voice-first-weather-app
invocation name,Makerdemy/Advanced-Alexa/SECTION-2/lets_get_familiar
invocation name,kavuri/hotbot-conversations
invocation name,danstutzman/alexa-log-skill
invocation name,anisha-chatterjee/brain-bee-challenge
invocation name,limeman38/games/Alexa/awsFactSkill
invocation name,hamzabusuri/alexawork
invocation name,kunalbadade/Digital-Health-Podcast
invocation name,ahmedadham88/alexa-skill-package
invocation name,ASAD5401/chatbot-alexa-foodapp
invocation name,ralphcapassomongo/atlas-alexa
invocation name,codefellows/seattle-java-401d8/class-44/alexa-test/guessing-game/amzn1.ask.skill.78bd7e12-fd1a-4d8d-af5f-20fdd19bc7e6
invocation name,arunmummidi/hello-alexa
invocation name,adityakaushal5nov/Alexa_Salesforce_RestService/Lambda+Skill
invocation name,mnelson-sg/alexa-dnd-helper
invocation name,anusreebasu/Alexa-Skill-Replica-Test
invocation name,TronsGuitar/aces-jacks-zero-alexaskill
invocation name,bespoken/skill-testing-ml/test/ExceptionSkill
invocation name,praveenmenon/goodnight-kiddo
invocation name,AmineAfia/mannheim-alexa-skill
invocation name,MichaelSL/AlexaSkillDemoCatFact
invocation name,codefellows/john-java/class-44/demo/alexa-test/guessing-game/amzn1.ask.skill.78bd7e12-fd1a-4d8d-af5f-20fdd19bc7e6
invocation name,evenlyio/voice-ui-intro
invocation name,develephant/alexa-sfb-dog-and-cats/.deploy/dog_and_cats/lambda/custom
invocation name,yahoo/Makeskill/explorations/example_skills/Display_Directives_Study
invocation name,Tkaldahl/Alexa-Skill/hello-world
invocation name,Makerdemy/Advanced-Alexa/SECTION-1/with_entity_resolution
invocation name,alexa-samples/device-location-demo/lambda/java/src/com/amazon/ask/demo/DeviceLocation
invocation name,ocelotconsulting/voice-framework-boilerplate
invocation name,DMeechan/AI-Nanodegree/test2
invocation name,MartinLiu2/Jump-In/AE.integration
invocation name,manubumb/AlexaTestSkill
invocation name,TobiasMende/AlexaRemindMe
invocation name,trhr/evennia-alexa
invocation name,serverlesspub/alexa-skills-development/tasks/3-alexa-how-to-pizza
invocation name,hetic-g13-france-tv/node-alexa
invocation name,erviveksoni/innovathon-alexa-skill
invocation name,lars159/inwhichcountry
invocation name,daisukeArk/alexa-skill-sample-v2
invocation name,ramanse/AlexaSkills/VVSRoutePlanner
invocation name,thongdong7/alexa-audio-template
invocation name,christofferturpin/tappingforanxiety
invocation name,srivasthavapippari/Alexa-PogoCnSkill
invocation name,tienwei/smart-claims/alexa-skill/foodie
invocation name,ashusath/number
invocation name,martzcodes/AlexaDevDays/MeetingScheduler
invocation name,lakshyamcs16/Alexa-Skills/What-If-Skill
invocation name,verypossible/ask-base-ts
invocation name,phoebe-assistant/dynamo-cards
invocation name,serverlesspub/alexa-skills-development/tasks/2-alexa-pizza
invocation name,marttihyvonen/gordon-cooking-skill
invocation name,rpg-70/doctoor
invocation name,AmineAfia/hackdays-dmm
invocation name,oystercracker/saltine/examples/test-skill
invocation name,serverlesspub/alexa-skills-development/solutions/3-alexa-how-to-pizza
invocation name,sbiswas2209/SFBSession3/.deploy/sample/lambda
invocation name,fer-martin/elevenvolunteersacdl
invocation name,ck3g/alexa-skill-how-tos/ask-cli-hello-world
invocation name,capside/azure-iot/alfred
invocation name,s4nyam/AlexaAudioPlayerSkill
invocation name,Arniox/city-to-city-app
invocation name,DhananjayPurohit/AstroPic
invocation name,ck3g/alexa-skill-how-tos/how-to-call-external-apis
invocation name,GeorgeDLake/HomeThermostat/Alexa
invocation name,klark-product-bot/alexa-skill-klark-bot
Kids collect data,dkori/hackathon_wildfires/skill code
health ,junw10/noah.care
health ,dsa027/alexa-script-reminder
health ,chriswoodle/uchealthhack2018-ucsd-health-alexa-skill
health ,canada-ca/alexapoc-healthcanada-recalls
health ,JadeZaher/Alexa-VideoLibrary-Skill
health ,luciana/amazon-echo-skill-a-lot-of-pilates/ALOPPilatesClass
health ,PedroFeitosa/essilor-cosmo
health ,qihengchen/alexa-skills
health ,Qwinix/Rise-and-Shine_Alexa-Skill
health ,sgruendel/alexa-garmin-connect-fitness
health ,stevenbeales/pain-diary
health ,vijayanandpg6/Knock-Out
health ,sgruendel/alexa-garmin-connect-status
output no intent,stackery/alexa-reinvent-quiz/src
output no intent,MJR113/ask-wheel-of-lunch-skill
output no intent,sifahad-amzn/driving-directions
output no intent,0xDebabrata/alexa-covid19-tracker
output no intent,MONESH-D/Alexa-1
output no intent,aishu-S/Alexa_course_contents/Learn Alexa the fun way/section 4/4.4
output no intent,dabblelab/alexa-apl-for-audio-example
output no intent,MegaFoodBlue/avocado-alexa
output no intent,cjain12/beauty_store
output no intent,oddguan/highmark-alexa
output no intent,AlexaRevolution/book_samples_v1/Ch_18/CuriosidadesdelAjolote
output no intent,wrongholt/Rainbow-Words
output no intent,aishu827/Learn-Alexa-the-fun-way/Learn Alexa the fun way/section 1/1.5
output no intent,maciekzdaleka/Bray-Train-Times
output no intent,ysunaw/voice-questionnaire/alexa-dynamodb-starter
output no intent,cavewoman/chattanooga-techie-skill
output no intent,GideonBrasil/Everything-Calgary/calgary
output no intent,JulyMaker/JulyAlexaSkill/miSkill
output no intent,amantech90/alexa-remote-api
output no intent,AlexaRevolution/book_samples_v1/Ch_17/CuriosidadesdelAjolote
output no intent,dacf/Reddit-Reads
output no intent,AlexaRevolution/book_samples_v1/Ch_13/CuriosidadesdelAjolote
output no intent,rramsisa/VITA/alexa
output no intent,mhaveliwala/alexa-covid-skill
output no intent,aflorithmic/alexa
output no intent,aishu827/Learn-Alexa-the-fun-way/Learn Alexa the fun way/section 1/1.3
output no intent,Cheesetouched/Hireoo/Alexa Skill
output no intent,kandelin16/ProducePalDev
output no intent,iScreem/APL_Keyboard
output no intent,niteshbharti005101/XploVR/AWS Backend/VG11
output no intent,ahsanali17/RocketElevators-AI-Alexa
output no intent,jeffblankenburg/TKOTriviaAlexa
output no intent,limeman38/Alexa/awsFactSkill
output no intent,alexa-samples/skill-sample-nodejs-linked-profile
output no intent,TheDreamSaver/alexa-workshop-convoke/API Caller
output no intent,umoazzam/covid_tracker_dubhacks_2020
output no intent,mgaringoDev/customAlexaVoiceDBConnection
output no intent,LucasGauterio/alexa
output no intent,dabblelab/2-alexa-remote-api-example-skill
output no intent,vijayanandpg6/Climb-Fall
output no intent,saadeddinne/test
output no intent,ijlal-gondal/RocketElevators-AI/alexa-remote-api-skill-template-master
output no intent,niteshbharti005101/XploVR/AWS Backend/VG13
output no intent,ValBeaupre/RocketElevators-AI
output no intent,sntrenter/FA2020GroupProject/React/app/src
output no intent,aarjo/alexa-league-rank-finder
output no intent,praveenkavedi/AlexaTherapist
output no intent,gusgad/alexa-polarcast
output no intent,danielbarnes175/Zoro.com-Internship
output no intent,zanemx/what-can-i-grow
output no intent,niteshbharti005101/XploVR/AWS Backend/VG_1
output no intent,amzjctuan/Math-tutor
output no intent,Voice-First-AI/write-by-voice/write-to-medium-by-voice
output no intent,aishu-S/Alexa_course_contents/Learn Alexa the fun way/section 1/1.3
output no intent,EchoSkillTemplates/Alexa-API-Starter
output no intent,microsaurav/Alexa/client
output no intent,Skoo84/Magic-Mirror/alexa skill
output no intent,shivangi4742/reactnative/bkp/oneture/alexa/api-starter-alexa-master
output no intent,xengravity/amazon-pay-alexa-v2-demo
output no intent,MEHEDl/AlexaAudioPlayer
output no intent,Peter-Aloisi-PFG/Reinhart_FoodService
output no intent,andijakl/VoiceLearning
output no intent,KiranWells/howdy-hack-alexa
output no intent,devinjacobson/AlexaQuiz
output no intent,niteshbharti005101/XploVR/AWS Backend/VG_3
output no intent,EdwardF2/Testing-Alexa
output no intent,ahitt6345/Kebabkat-Alexa/amzn1.ask.skill.aca43909-cf68-4e1a-bc9a-3e0a77eeb72e
output no intent,niteshbharti005101/XploVR/AWS Backend/VG_4
output no intent,CeesJol/my-cafe
output no intent,bhalgalix/movie-diaries
output no intent,bzobrist/nodeproxy_alexa_skill
output no intent,CG-K/golf-clone
output no intent,ScottKwang/CodeWithFriends-Spring2020/projects
output no intent,dimpscapri/Smart-Lock
output no intent,AlexaRevolution/book_samples_v1/Ch_14/CuriosidadesdelAjolote
output no intent,TheDreamSaver/alexa-workshop-convoke/Hello World
output no intent,niteshbharti005101/XploVR/AWS Backend/VG14
output no intent,niteshbharti005101/XploVR/AWS Backend/VG9
output no intent,FasihAhmedRaza/morning-mediation-alexa
output no intent,BradGriffith/cookie-sales-skill
output no intent,kevinchen2023/SongMatch/KevinChenSongMatch
output no intent,niteshbharti005101/XploVR/AWS Backend/VG15
output no intent,vpayette/skill-sample-node-device-location-api
output no intent,Abhinav0909/Jokes/client/amzn1.ask.skill.97acfbba-a3d9-4eb5-a240-77f8f0030a40
output no intent,dabblelab/16-alexa-account-linking-example-skill
output no intent,nationwidehackathon/analysis-paralysis/alexa-skill
output no intent,dkaj1990/react-native-alexa-app/reactn-alexa/alexa
output no intent,SCCapstone/CognitoFormsDev/cognito_form
output no intent,aishu827/Learn-Alexa-the-fun-way/Learn Alexa the fun way/section 4/4.4
output no intent,dabblelab/10-alexa-dynamodb-datastore-example-skill
output no intent,thierryh9/RocketElevators-AI
output no intent,AlexaGroover/AlexaProject/29_Obtain Device Information
output no intent,niteshbharti005101/XploVR/AWS Backend/VG8
output no intent,aishu-S/Alexa_course_contents/Learn Alexa the fun way/section 1/1.5
output no intent,jiayizhg/reflectMirror
output no intent,aishu827/Learn-Alexa-the-fun-way/Learn Alexa the fun way/section 1/1.4
output no intent,niteshbharti005101/XploVR/AWS Backend/VG_6
output no intent,rneiva/Astronautas
output no intent,ilikerobots/estonia-one-hundred-alexa
output no intent,limeman38/games/Alexa/awsFactSkill
output no intent,KaveeshaW/covidTracker/covid tracker
output no intent,AlexaRevolution/book_samples_v1/Ch_15/CuriosidadesdelAjolote
output no intent,dabblelab/15-alexa-apl-example-skill
output no intent,AbhinavTuli/Foodie-Index
output no intent,aishu-S/Alexa_course_contents/Learn Alexa the fun way/section 1/1.4
output no intent,dabblelab/6-alexa-address-information-example-skill
output no intent,bhargav41/Jokes-Skill/client/amzn1.ask.skill.3d9f7f16-f4f8-402a-93b3-6681abdccd63 (1)
output no intent,AbhinavTuli/Apartments-Finder
output no intent,niteshbharti005101/XploVR/AWS Backend/VG10
output no intent,MikeAlphaXray/KaraEcho-HowdyHack-2021
output no intent,niteshbharti005101/XploVR/AWS Backend/VG12
output no intent,tienwei/smart-claims/alexa-skill/quiz-game
output no intent,alexa-samples/skill-sample-nodejs-demo-store-amazon-pay
output no intent,niteshbharti005101/XploVR/AWS Backend/VG_7
output no intent,niteshbharti005101/XploVR/AWS Backend/VG_2
output no intent,AlexaRevolution/book_samples_v1/Ch_12/CuriosidadesdelAjolote
output no intent,Preeti728/SoftWidget
output no intent,shivangi4742/Myalexaskill
output no intent,hrbowers/alexa-accessibility
output no intent,phoebe-assistant/dynamo-cards
output no intent,niteshbharti005101/XploVR/AWS Backend/VG_5
output no intent,AlexaRevolution/book_samples_v1/Ch_16/CuriosidadesdelAjolote
output no intent,FasihAhmedRaza/alexa-client
output no intent,kiranreddy1/api-starter
output no intent,dvontrec/Sprinkle-of-Alexa
intent no output,sheheryarwaseem6/Voice-Weather-App
intent no output,AlexaGroover/AlexaProject/23_Using Video Directive
intent no output,monosay/monosay-nodejs/src/samples/simple/jovo
intent no output,vincwang/alexa-covid19-tracker/source
intent no output,jasonwidrig/GenericQuiz
intent no output,cjain12/beauty_store
intent no output,Voice-First-Tech/AirBnb-Dev-Quest/crazzywizard-airbnb
intent no output,bdeshong/alexa-workshop
intent no output,zahraessa/Indecisive
intent no output,daniel-woods/bodoni-alexa-skill
intent no output,cbonoz/city-biking
intent no output,AlexaGroover/AlexaProject/22_Using Audio Directive
intent no output,garystafford/alexa-skill-azure-facts
intent no output,Voice-First-Tech/AirBnb-Dev-Quest/getgrip-airbnb
intent no output,codefellows/seattle-java-401d11/class-44/demo/alexa-test/guessing-game/amzn1.ask.skill.78bd7e12-fd1a-4d8d-af5f-20fdd19bc7e6
intent no output,manuel1507/receptionist
intent no output,actionably/skill-sample-nodejs-hello-world-v1
intent no output,NithishB/alexa-skill-1/alexa-leadership-skill-flow/alexa-hackathon/.deploy/alexa-hackathon/lambda/custom
intent no output,briggsrogers/project-murphy-alexa/context/skill-events
intent no output,Duskamo/TempCli/testSkill
intent no output,Cheesetouched/Hireoo/Alexa Skill
intent no output,Voice-First-Tech/AirBnb-Dev-Quest/sweetmantech-airbnb
intent no output,Voice-First-Tech/Smart-Lock/voice-first-tech
intent no output,joeysmoll/alexa-ufc-picks
intent no output,lingqiu3/Nurse-AMIE
intent no output,megantosh/AlexaImAmt/src/Tutorials/myPetMatch
intent no output,SmeechDE/smeech-wiki
intent no output,cmartin009/test-app
intent no output,AlexaGroover/AlexaProject/30_Store data in DynamoDB
intent no output,Nickeem/AlexaVisitorSkill
intent no output,Rafael-Z/amazon-alexa-skill-points-club/alexa-skill
intent no output,AlexaGroover/AlexaProject/28_ConfirmIntent Directive
intent no output,nithinkumarhere/srskills
intent no output,germanviscuso/PythonMeetup
intent no output,falent/hack
intent no output,yahoo/Makeskill/explorations/example_skills/SlotFilling_Study
intent no output,TrCaM/CUAsking/cu-asking
intent no output,cyberyu/hackathon_vv/alexa-cookbook/context/skill-events
intent no output,geosony/alexa-skill/bluehealth
intent no output,oren/fit-science
intent no output,marxtrader/lullaby-baby/alexa-notifier
intent no output,alexa-samples/skill-sample-nodejs-gift-idea
intent no output,Arniox/first-project-test
intent no output,AlexaGroover/AlexaProject/33_Use Multi language
intent no output,AlexaGroover/AlexaProject/20_Using Cards
intent no output,antointbt/my-cougar-assistant
intent no output,AlexaGroover/AlexaProject/27_ConfirmSlot Directive
intent no output,Voice-First-Tech/AirBnb-Dev-Quest/alex7li
intent no output,rahulnagesh001/food-recall-/amzn1.ask.skill.0e940367-f4aa-442f-a8c0-0cd0d278d299
intent no output,jitenagarwal19/alexa-skill
intent no output,Arniox/Voice-Application---SONNAR/Alexa Version/MemoryGameAlexa
intent no output,Mohammad-Khalid/UtilityCodeBase/alexa/dialogDelegate
intent no output,deepakworldphp86/JOVO-VOICE-GOOGLE-ALEXA/JovoTest
intent no output,surajraj99/Plaza-Business
intent no output,AlexaGroover/AlexaProject/26_ElicitSlot Directive
intent no output,jtruong2/OfferAid_AlexaSkill
intent no output,AlexaGroover/AlexaProject/32_State Management
intent no output,miugel/guacRecruiter
intent no output,FasihAhmedRaza/hotel-booking--alexa
intent no output,annalenastrx/ClothingRecommendation/VSCodeDownload
intent no output,AlexaGroover/AlexaProject/16_Using ResponseBuilder in Alexa SDK v1
intent no output,onumtiger/ultron
intent no output,falent/hackIoT/AlexaNewSkill
intent no output,AlexaGroover/AlexaProject/21_Generate Audio using SSML
intent no output,Voice-First-AI/write-by-voice/write-to-medium-by-voice
intent no output,HackathonTeamRed2018/ProsChallenge2018/test
intent no output,paulstuttard/DialOut
intent no output,AlexaGroover/AlexaProject/13_Update Lambda Function
intent no output,chowdhary987/alexa-cookbook/context/skill-events
intent no output,Ryguy11o/nurse_amie
intent no output,kenjorion/alexa_FootballBase
intent no output,Makerdemy/Alexa-skills-in-24-hours/Section 3/3.2/Habitat skill
intent no output,eltonkola/alexa_skillz/birthdayday
intent no output,Robbie0723/Covid
intent no output,annaanx24/TechKNOWledgy/TechKNOWledgy
intent no output,AndrooTheChen/day-zero
intent no output,robertavram-md/alexa-hf
intent no output,wrongholt/Powers
intent no output,Pindar/alexa-template
intent no output,jasonwidrig/StateCapitalsQuiz
intent no output,spuder/alexa-astroprint
intent no output,Voice-First-Tech/Smart-Lock/chinzoo-zack
intent no output,npdevapp/alexa_resources/feature-demos/skill-demo-plan-my-trip
intent no output,stammbach/jovo-hello-nested-components
intent no output,alexa-samples/skill-sample-nodejs-trivia-pal
intent no output,rkj706/alexa
intent no output,AlexaGroover/AlexaProject/25_Delegate Directive
intent no output,AlexaGroover/AlexaProject/18_Use CloudWatch
intent no output,carlotorniai/TestSkill
intent no output,malhotra-vikas/alexa-cookbook/feature-demos/skill-demo-dialog-delegate
intent no output,Voice-First-Tech/Smart-Lock/vipermark7
intent no output,MnHung/alexa-custom-skill-boilerplate
intent no output,alexa/alexa-cookbook/feature-demos/skill-demo-intent-chaining-auto-delegate
intent no output,tingiris/dabblelab-youtube-channel/2017-09-22-local-lambda-testing/hello-world
intent no output,robm26/travel-browser
intent no output,mahithasree-sakthikumar/helloworld/mahitas
intent no output,deepakg23gmail/goingserverless
intent no output,ynishi/urbanpark-alexa
intent no output,Voice-First-Tech/AirBnb-Dev-Quest/zack-airbnb
intent no output,codefellows/seattle-code-java-401d14/class-44/demo/alexa-test/guessing-game/amzn1.ask.skill.78bd7e12-fd1a-4d8d-af5f-20fdd19bc7e6
intent no output,MrLordBrown/spirithuntz/.deploy/test/.ask/lambda
intent no output,bibr/alexa/janlexa
intent no output,mahithasree-sakthikumar/healthy/amzn1.ask.skill.3344eb9f-a862-43d5-95c3-b73ec59dcb35
intent no output,mpgoulet/get-me-watson
intent no output,deepakworldphp86/JOVO-VOICE-GOOGLE-ALEXA/CLITest
intent no output,dkaj1990/react-native-alexa-app/reactn-alexa/alexa
intent no output,deepakworldphp86/JOVO-VOICE-GOOGLE-ALEXA/JOVOGoogleVoiceProject
intent no output,alexapoc/small-business-lead-form-skill
intent no output,lucasagostini/NicaProject
intent no output,bhuvneshkr/Alexa-Skill-DayZero
intent no output,cbonoz/alexagood18/city-bikes
intent no output,aws-samples/simple-smart-mirror/smart-mirror-full/extracted
intent no output,AlexaGroover/AlexaProject/29_Obtain Device Information
intent no output,pohora/MulesoftHackathon2020/mulesofthackathon2020/movid_frontend
intent no output,AlexaGroover/AlexaProject/15_Use Alexa SDK v1 Apdapter
intent no output,alexadev1/Hackster.IO
intent no output,Voice-First-Tech/AirBnb-Dev-Quest/patrick-sweetman
intent no output,MrLordBrown/spirithuntz/.deploy/test/lambda
intent no output,Andres9710/Skill/amzn1.ask.skill.a5d29947-b0d6-4a9a-8637-7ac6035ca7d1 (1)
intent no output,AlexaGroover/AlexaProject/31_Account Linking
intent no output,kavuri/hotbot-conversations
intent no output,Voice-First-Tech/AirBnb-Dev-Quest/Randm25-airbnb
intent no output,codefellows/seattle-java-401d8/class-44/alexa-test/guessing-game/amzn1.ask.skill.78bd7e12-fd1a-4d8d-af5f-20fdd19bc7e6
intent no output,npdevapp/alexa_resources/context/skill-events
intent no output,KanuGaba/Amazon-PreOnboarding-Alexa-Skill
intent no output,anusreebasu/Alexa-Skill-Replica-Test
intent no output,samviz/alexa-cookbook-master/alexa-cookbook-master/context/skill-events
intent no output,codefellows/john-java/class-44/demo/alexa-test/guessing-game/amzn1.ask.skill.78bd7e12-fd1a-4d8d-af5f-20fdd19bc7e6
intent no output,alexa/alexa-cookbook/feature-demos/skill-demo-dialog-delegate
intent no output,alexa-labs/alexa-dev-days/iot/update-shadow
intent no output,ocelotconsulting/voice-framework-boilerplate
intent no output,uk-ar/alexa_convert
intent no output,annalenastrx/ClothingRecommendation/SkillDownload
intent no output,Preeti728/SoftWidget
intent no output,bur/phx-innovate
intent no output,Voice-First-Tech/Smart-Lock/dcopdycke
intent no output,danbwhiting/hypersensitivity-to-audio-skill
intent no output,rahulnagesh001/amzn1.ask.skill.0d43aa01-829a-4b70-a73f-a2200a69e939
intent no output,EchoSkillTemplates/Alexa-basic-starter
intent no output,AlexaGroover/AlexaProject/24_Using Hints in Card
intent no output,baumgab1-matc/ITDEV-140-Programming-With-Java/Alexa
intent no output,Garrachonr/Final-Degree-Project/Alexa Console
intent no output,ankkal/accountlinkingdemo/Plan_my_trip_-_accountlinking_Demo
intent no output,rrigato/burnday
intent no output,mori-c/voice-agent/jovo-cli
intent no output,peabnuts123/alexa-skill-hackathon
intent no output,mahithasree-sakthikumar/health
slot no sample,pohora/MulesoftHackathon2020/mulesofthackathon2020/movid_frontend
slot no sample,codeforboston/voiceapp311
slot no sample,jan-kreischer/FeedbackBot/Skill
slot no sample,sgiri/Alexa
slot no sample,minhtran2801/KS1909-Smart-Nutrition-System
slot no sample,KanuGaba/Amazon-PreOnboarding-Alexa-Skill
slot no sample,Rajatraj/SALESFORCESKILL
slot no sample,Vexcited/discord-alexa-skill
slot no sample,misterdev/sensorspeak
slot no sample,ScottKwang/CodeWithFriends-Spring2020/projects
slot no sample,zednis/alexa-skill-meeting-scheduler
slot no sample,rahulnagesh001/Cogvox
slot no sample,kulwantyadav101/Team3-HackTheMachine/soft-widget-assistant
slot no sample,SDC-Lab/AlexaNutrition
slot no sample,brianronaghan/make-me-smart-alexa
slot no sample,bur/phx-innovate
slot no sample,alexapoc/small-business-lead-form-skill
slot no sample,CORaleigh/alexa-cor-webhook
slot no sample,HoagsObjectD/AlexaSkill/JovoSelfProgrammable
slot no sample,rsha256/programming-trivia/programming-trivia
slot no sample,idiosyncrati/KA1901
slot no sample,rjiang98/deal-finder
slot no sample,scollet1/NaMe_Alexa/NaMe_Alexa_Node
slot no sample,anelliat/internConnect
intent no sample,falent/hack
intent no sample,AndrewSenol/theStudyBarAlexa/testDB
intent no sample,joshua-bloom/school-schedule-alexa-skill
intent no sample,rahulnagesh001/updated
intent no sample,boucher30/Lina
intent no sample,J-Korn/alexademoclone
intent no sample,MegaFoodBlue/avocado-alexa
intent no sample,tcsbmogarage/bmo-fin/functions/bmo-bankz/vui
intent no sample,algono/FeedTheParrot-RSS
intent no sample,megantosh/AlexaImAmt/src/Berlin_Service/lambda/custom/lib
intent no sample,AndrewSenol/theStudyBarAlexa/ComfortingComebacks
intent no sample,leo-paz/PatientCheckInAlexaSkill
intent no sample,RitaMC/News_Vapp/theInformed
intent no sample,AbhinavTuli/Foodie-Index
intent no sample,Rajatraj/SALESFORCESKILL
intent no sample,ScottKwang/CodeWithFriends-Spring2020/projects
intent no sample,AndrewSenol/theStudyBarAlexa/theStudyBar
intent no sample,rahulnagesh001/updated-food
intent no sample,alexa-labs/workshop-starship-enterprise/Step-0-Initialize-your-Ship-Commander
intent no sample,rahulnagesh001/Cogvox
intent no sample,J-Korn/anixeskill
intent no sample,Haizhepi/petfinder-site/Alexa
intent no sample,darrac/alexa-skill-translator
intent no sample,mernst1281/selectastory/Alexa
intent no sample,joeysmoll/alexa-ufc-picks
intent no sample,lingqiu3/Nurse-AMIE
intent no sample,megantosh/AlexaImAmt/src/Berlin_d_e_/lambda/custom/lib
intent no sample,apsdehal/alexa-skill-math-hero
intent no sample,rahulnagesh001/amzn1.ask.skill.0d43aa01-829a-4b70-a73f-a2200a69e939
intent no sample,Skoo84/Magic-Mirror/alexa skill
intent no sample,Ioana-Nadia/BachelorDegree
intent no sample,klark-product-bot/alexa-skill-klark-bot
intent no sample,s4nyam/AlexaAudioPlayerSkill
intent no sample,AndrewSenol/theStudyBarAlexa/timesheetTSB
intent no sample,CamiWilliams/Building-the-Starship-Enterprise-Computer-Today/Step 0 - Initialize your Ship Commander
intent no sample,SCCapstone/CognitoFormsDev/cognito_form
intent no sample,jkleinwaechter/CloneMe
intent no sample,mattgyver83/mytrainset
intent no sample,scollet1/NaMe_Alexa/NaMe_Alexa_Node
intent no sample,CG-K/golf-clone
